{
	"name": "dotdotdot",
	"version": "1.6.14",
	"title": "jQuery dotdotdot",
	"description": "A jQuery plugin for advanced cross-browser ellipsis on multiple line content.",
	"homepage": "http://dotdotdot.frebsite.nl",
	"author": {
		"name": "Fred Heusschen",
		"url": "http://www.frebsite.nl"
	},
	"licenses": [{
		"type": "MIT",
		"url": "http://opensource.org/licenses/MIT"
	}, {
		"type": "GPL-3.0",
		"url": "http://opensource.org/licenses/GPL-3.0"
	}],
	"dependencies": {
		"jquery": ">= 1.4.3"
	}
}
